Workbook

Sheet Spielplan
A1: www.bulibox.de | D1: Markiere Verein: | E1: VfB Stuttgart
B3: Spielplan 1. Bundesliga 2025/2026 | G3: Direkter Vergleich (Alle 1.+2. BuLi-Spiele)
B4: Datum | C4: Spieltag | D4: Heimmannschaft | E4: Gastmannschaft | G4: S | H4: U | I4: N | J4: Tore
B5: 45891.854 | C5: 1 | D5: FC Bayern München | E5: RB Leipzig | G5: 9 | H5: 7 | I5: 2 | J5: 38:24
B6: 23./24.08.2025 | C6: 1 | D6: Borussia Mönchengladbach | E6: Hamburger SV | G6: 34 | H6: 26 | I6: 40 | J6: 154:155
B7: 23./24.08.2025 | C7: 1 | D7: Eintracht Frankfurt | E7: SV Werder Bremen | G7: 39 | H7: 25 | I7: 44 | J7: 160:168
B8: 23./24.08.2025 | C8: 1 | D8: Bayer 04 Leverkusen | E8: TSG Hoffenheim | G8: 21 | H8: 6 | I8: 7 | J8: 71:44
B9: 23./24.08.2025 | C9: 1 | D9: Sport-Club Freiburg | E9: FC Augsburg | G9: 21 | H9: 11 | I9: 6 | J9: 66:36
B10: 23./24.08.2025 | C10: 1 | D10: FC St. Pauli | E10: Borussia Dortmund | G10: 2 | H10: 4 | I10: 16 | J10: 20:52
B11: 23./24.08.2025 | C11: 1 | D11: 1. FSV Mainz 05 | E11: 1. FC Köln | G11: 12 | H11: 12 | I11: 10 | J11: 48:36
B12: 23./24.08.2025 | C12: 1 | D12: 1. FC Union Berlin | E12: VfB Stuttgart | G12: 3 | H12: 5 | I12: 4 | J12: 18:21
B13: 23./24.08.2025 | C13: 1 | D13: 1. FC Heidenheim 1846 | E13: VfL Wolfsburg | G13: 1 | H13: 1 | I13: 2 | J13: 3:6
B14: 29.-31.08.2025 | C14: 2 | D14: Hamburger SV | E14: FC St. Pauli | G14: 12 | H14: 9 | I14: 7 | J14: 46:33
B15: 29.-31.08.2025 | C15: 2 | D15: SV Werder Bremen | E15: Bayer 04 Leverkusen | G15: 28 | H15: 35 | I15: 25 | J15: 131:144
B16: 29.-31.08.2025 | C16: 2 | D16: VfB Stuttgart | E16: Borussia Mönchengladbach | G16: 44 | H16: 30 | I16: 32 | J16: 175:142
B17: 29.-31.08.2025 | C17: 2 | D17: 1. FC Köln | E17: Sport-Club Freiburg | G17: 14 | H17: 8 | I17: 20 | J17: 48:60
... B301: 08.-10.05.2026 | C301: 33 | D301: RB Leipzig | E301: FC St. Pauli | G301: 2 | H301: 1 | I301: 3 | J301: 6:4
B302: 46158.646 | C302: 34 | D302: SV Werder Bremen | E302: Borussia Dortmund | G302: 42 | H302: 21 | I302: 49 | J302: 178:182
B303: 46158.646 | C303: 34 | D303: FC Bayern München | E303: 1. FC Köln | G303: 53 | H303: 24 | I303: 23 | J303: 204:124
B304: 46158.646 | C304: 34 | D304: Borussia Mönchengladbach | E304: TSG Hoffenheim | G304: 12 | H304: 13 | I304: 11 | J304: 73:61
B305: 46158.646 | C305: 34 | D305: Eintracht Frankfurt | E305: VfB Stuttgart | G305: 37 | H305: 23 | I305: 44 | J305: 176:188
B306: 46158.646 | C306: 34 | D306: Bayer 04 Leverkusen | E306: Hamburger SV | G306: 30 | H306: 20 | I306: 28 | J306: 115:94
B307: 46158.646 | C307: 34 | D307: Sport-Club Freiburg | E307: RB Leipzig | G307: 4 | H307: 5 | I307: 11 | J307: 20:41
B308: 46158.646 | C308: 34 | D308: FC St. Pauli | E308: VfL Wolfsburg | G308: 5 | H308: 10 | I308: 1 | J308: 31:20
B309: 46158.646 | C309: 34 | D309: 1. FC Union Berlin | E309: FC Augsburg | G309: 2 | H309: 7 | I309: 7 | J309: 12:20
B310: 46158.646 | C310: 34 | D310: 1. FC Heidenheim 1846 | E310: 1. FSV Mainz 05 | G310: 2 | H310: 1 | I310: 1 | J310: 4:3
B312: Dieser Excel-Spielplan erscheint einmalig zum Beginn der Saison (nach Bekanntgabe des neuen Spielplans durch die DFL).
B314: Den aktualisierten Spielplan (im PDF-Format) kannst Du unter folgenden Link herunter laden:
B315: http://www.bulibox.de/downloads/download.html
B317: Unter diesem Link hast Du die Möglichkeit den gesamten Spielplan (6-seitig oder - in kompakter Form - 2-seitig)
B318: sowie die einzelnen Spielpläne der Mannschaften (2-seitig, Hin-/Rückrunde) herunter zu laden.
B320: Alle PDF-Spielpläne werden regelmäßig, nach genauer Terminierung durch die DFL, aktualisiert.

Sheet para
A1: 1. FC Heidenheim 1846 | B1: =COUNTIF(Spielplan!$D$5:$D$310,para!A1) -> 17 | C1: =COUNTIF(Spielplan!$E$4:$E$310,para!A1) -> 17
A2: 1. FC Köln | B2: =COUNTIF(Spielplan!$D$5:$D$310,para!A17) -> 17 | C2: =COUNTIF(Spielplan!$E$4:$E$310,para!A17) -> 17
A3: 1. FC Union Berlin | B3: =COUNTIF(Spielplan!$D$5:$D$310,para!A2) -> 17 | C3: =COUNTIF(Spielplan!$E$4:$E$310,para!A2) -> 17
A4: 1. FSV Mainz 05 | B4: =COUNTIF(Spielplan!$D$5:$D$310,para!A3) -> 17 | C4: =COUNTIF(Spielplan!$E$4:$E$310,para!A3) -> 17
A5: Bayer 04 Leverkusen | B5: =COUNTIF(Spielplan!$D$5:$D$310,para!A4) -> 17 | C5: =COUNTIF(Spielplan!$E$4:$E$310,para!A4) -> 17
A6: Borussia Dortmund | B6: =COUNTIF(Spielplan!$D$5:$D$310,para!A5) -> 17 | C6: =COUNTIF(Spielplan!$E$4:$E$310,para!A5) -> 17
A7: Borussia Mönchengladbach | B7: =COUNTIF(Spielplan!$D$5:$D$310,para!A6) -> 17 | C7: =COUNTIF(Spielplan!$E$4:$E$310,para!A6) -> 17
A8: Eintracht Frankfurt | B8: =COUNTIF(Spielplan!$D$5:$D$310,para!A7) -> 17 | C8: =COUNTIF(Spielplan!$E$4:$E$310,para!A7) -> 17
A9: FC Augsburg | B9: =COUNTIF(Spielplan!$D$5:$D$310,para!A8) -> 17 | C9: =COUNTIF(Spielplan!$E$4:$E$310,para!A8) -> 17
A10: FC Bayern München | B10: =COUNTIF(Spielplan!$D$5:$D$310,para!A9) -> 17 | C10: =COUNTIF(Spielplan!$E$4:$E$310,para!A9) -> 17
A11: FC St. Pauli | B11: =COUNTIF(Spielplan!$D$5:$D$310,para!A10) -> 17 | C11: =COUNTIF(Spielplan!$E$4:$E$310,para!A10) -> 17
A12: Hamburger SV | B12: =COUNTIF(Spielplan!$D$5:$D$310,para!A11) -> 17 | C12: =COUNTIF(Spielplan!$E$4:$E$310,para!A11) -> 17
A13: RB Leipzig | B13: =COUNTIF(Spielplan!$D$5:$D$310,para!A12) -> 17 | C13: =COUNTIF(Spielplan!$E$4:$E$310,para!A12) -> 17
A14: Sport-Club Freiburg | B14: =COUNTIF(Spielplan!$D$5:$D$310,para!A13) -> 17 | C14: =COUNTIF(Spielplan!$E$4:$E$310,para!A13) -> 17
... A17: VfB Stuttgart | B17: =COUNTIF(Spielplan!$D$5:$D$310,para!A16) -> 17 | C17: =COUNTIF(Spielplan!$E$4:$E$310,para!A16) -> 17
A18: VfL Wolfsburg | B18: =COUNTIF(Spielplan!$D$5:$D$310,para!A18) -> 17 | C18: =COUNTIF(Spielplan!$E$4:$E$310,para!A18) -> 17
